[
  {"id": 1, "name": "Товар 1", "image": "/static/images/black.jpg"},
  {"id": 2, "name": "Товар 2", "image": "/static/images/black.jpg"},
  {"id": 3, "name": "Товар 3", "image": "/static/images/black.jpg"},
  {"id": 4, "name": "Товар 4", "image": "/static/images/black.jpg"},
  {"id": 5, "name": "Товар 5", "image": "/static/images/black.jpg"},
  {"id": 6, "name": "Товар 6", "image": "/static/images/black.jpg"},
  {"id": 7, "name": "Товар 7", "image": "/static/images/black.jpg"},
  {"id": 8, "name": "Товар 8", "image": "/static/images/black.jpg"},
  {"id": 9, "name": "Товар 9", "image": "/static/images/black.jpg"},
  {"id": 10, "name": "Товар 10", "image": "/static/images/black.jpg"},
  {"id": 11, "name": "Товар 11", "image": "/static/images/black.jpg"},
  {"id": 12, "name": "Товар 12", "image": "/static/images/black.jpg"}
]